chi0_deg,mbar_free_energy,mbar_analytical_se,zwanzig_free_energy,zwanzig_bootstrap_se,mbar_bootstrap_se,zwanzig_minus_mbar
-1.800000000000000000e+02,0.000000000000000000e+00,0.000000000000000000e+00,0.000000000000000000e+00,0.000000000000000000e+00,0.000000000000000000e+00,0.000000000000000000e+00
-1.650000000000000000e+02,1.675954896836410413e+00,5.145048469801143110e-02,1.651252278370768600e+00,1.050151896641380311e-01,4.600556718394786804e-02,-2.470261846564181241e-02
-1.500000000000000000e+02,5.672404287252138744e+00,1.207003528838854201e-01,5.476305137241924470e+00,3.217573845804371224e-01,1.063275671051841370e-01,-1.960991500102142737e-01
-1.350000000000000000e+02,1.061529565481300708e+01,2.364340012499270005e-01,1.005853541458904488e+01,5.853020540194120436e-01,2.205077752374459132e-01,-5.567602402239621995e-01
-1.200000000000000000e+02,1.145220962252516905e+01,3.363221101431816962e-01,1.160870956453434744e+01,9.226394124092505145e-01,3.425398185990087274e-01,1.564999420091783833e-01
-1.100000000000000000e+02,9.163123470520625702e+00,3.632792937371433495e-01,1.002651245010367198e+01,9.626688565597351088e-01,3.651679920863695195e-01,8.633889795830462788e-01
-1.000000000000000000e+02,6.377518843349730737e+00,3.691481696950834057e-01,7.207167010847926214e+00,9.693119977518360741e-01,3.686369938437493721e-01,8.296481674981954768e-01
-9.000000000000000000e+01,3.892447020857687789e+00,3.737916576959763315e-01,4.119133663733130390e+00,9.600283831640136212e-01,3.640653098125709586e-01,2.266866428754426011e-01
-6.000000000000000000e+01,1.805012758724781285e+00,3.921055275954629660e-01,3.272074072812104717e+00,1.016814043883653929e+00,3.866361872995425220e-01,1.467061314087323431e+00
-4.500000000000000000e+01,3.517659389128529490e+00,4.014307833562331118e-01,4.462415231133958216e+00,1.117030537140937252e+00,3.937622703536283186e-01,9.447558420054287254e-01
-3.000000000000000000e+01,6.246068595327660233e+00,4.095200567587148344e-01,6.591918351465757553e+00,1.263628402930091488e+00,4.101334296860909001e-01,3.458497561380973195e-01
-1.500000000000000000e+01,1.017276036010616025e+01,4.164086435237771555e-01,1.029921213370856314e+01,1.421139984171047033e+00,4.075538442598972688e-01,1.264517736024028949e-01
0.000000000000000000e+00,1.427536651806946644e+01,4.219397035125651563e-01,1.401100752498042468e+01,1.542897955344436411e+00,4.374337608911830211e-01,-2.643589930890417605e-01
5.000000000000000000e+00,1.504537770469517710e+01,4.264925251256675987e-01,1.506458418879863714e+01,1.554229155688748198e+00,4.410762168381263670e-01,1.920648410346004198e-02
1.500000000000000000e+01,1.308062810594694803e+01,4.262479636174364983e-01,1.423535540393980625e+01,1.589050843776599997e+00,4.353773656966897776e-01,1.154727297992858226e+00
2.000000000000000000e+01,1.228245790686435157e+01,4.282554239436619503e-01,1.346130424814804805e+01,1.596146745493653984e+00,4.428374235150477900e-01,1.178846341283696475e+00
3.000000000000000000e+01,9.028003331060688197e+00,4.267928663780697351e-01,1.111473825076940436e+01,1.634662177389560656e+00,4.432995598702903495e-01,2.086734919708716163e+00
4.500000000000000000e+01,5.506436206704710123e+00,4.163600902232669765e-01,8.268034032827912938e+00,1.606044422719746345e+00,4.439846183735006169e-01,2.761597826123202815e+00
7.000000000000000000e+01,5.226936391406346694e+00,3.811387139125338996e-01,7.754518529408705341e+00,1.682555664826523190e+00,4.045278886069757496e-01,2.527582138002358647e+00
9.000000000000000000e+01,7.040306222708621497e+00,3.186369376613341631e-01,8.787198817396745909e+00,1.817823379806547290e+00,3.135908453770454019e-01,1.746892594688124412e+00
1.000000000000000000e+02,7.973255407057643573e+00,3.044422137798261652e-01,9.510911974732199070e+00,1.830399352477074082e+00,3.131514508152141718e-01,1.537656567674555497e+00
1.150000000000000000e+02,8.642430097828144753e+00,2.788847956695684749e-01,1.025600207737397795e+01,1.877399648394619591e+00,2.878971110123612065e-01,1.613571979545833202e+00
1.200000000000000000e+02,8.646109511242380918e+00,2.734564180519424847e-01,1.024567727703217912e+01,1.883887354740689801e+00,2.779913734382304380e-01,1.599567765789798202e+00
1.300000000000000000e+02,7.145283685490714021e+00,2.368754069890237623e-01,9.187400979845413929e+00,2.051659316599388383e+00,2.414935457574706179e-01,2.042117294354699908e+00
1.450000000000000000e+02,3.258902170708335433e+00,1.381403893294116947e-01,5.891706302182108779e+00,2.074949976926022011e+00,1.466019715087572006e-01,2.632804131473773346e+00
1.650000000000000000e+02,1.346948874928317608e-01,5.483738363591179887e-02,3.107911137203666740e+00,2.112068320583330383e+00,4.772260395197201743e-02,2.973216249710834980e+00
